id,name,slug,status
5319d809-2357-4e42-aefa-d55ae8ce8e8f,"1000 West",1000-west,active
370dd2ee-3bb7-4cdb-847f-2f371860a4ed,"19 Miles Per Hour",19-miles-per-hour,
5d64f4cb-5dc7-4427-a9ba-e57584b262ed,"4.PLAY",4-play,
a74a1030-65e4-4b66-a961-74325e45485f,"90s Television",90s-television,
96062154-d2db-435b-93a8-a891232f7b74,"Ablyss",ablyss,
722efcd0-a997-4124-942f-5f7e0aa6bc7d,"Acacia Ridge",acacia-ridge,
7cf9b13a-d41b-4eac-88e5-4da0aa34337f,"Accidente",accidente,active
d31dfb39-c406-4ffc-b865-1e972ea94c9a,"Ace 52",ace-52,
5062dc74-fb31-497a-bffa-25f297dffa1c,"Acid Tiger",acid-tiger,
9dcaeeff-25cd-416d-a51c-cca5222ab7a1,"Adherence",adherence,active
135c6fcf-bd44-4a92-a538-8067ca8cdffe,"Admitted Bastard",admitted-bastard,
4dc746d3-8845-45f6-a480-6e4f2936e606,"Advent Horizon",advent-horizon,
33e4e727-6164-4f5d-b914-17251f0f4970,"After Eden",after-eden,
c25d72d6-2b11-4cb1-ae16-008c54ad9a04,"Air Vent Dweller",air-vent-dweller,
8e510e68-1239-4d07-a7c3-322b65b938cb,"Alchemy",alchemy,
d142dfe2-e812-47f5-ba92-a413f653038f,"Alicia Stockman",alicia-stockman,
e5fc7caf-a6e3-4fd3-8913-a09a17fb68a9,"All Systems Fail",all-systems-fail,
bfc921c6-9b4e-4fbd-bbcb-7f1e8264a277,"Allo Monroe",allo-monroe,active
25c13ff2-0611-466a-8f00-e2f00e7444b0,"Allred",allred,
e763189b-ca3b-4c3a-a26c-a9cbc455bd34,"Alpine Loop",alpine-loop,
6e262c01-ab17-412c-86a5-9d6b80f23fce,"Always Her",always-her,
2fed0aa0-6e2a-408d-810e-b015ec289c6d,"Ambergris",ambergris,active
ad500c49-c714-417d-b703-b50d9c1b8433,"American Humor",american-humor,
913a3ad0-3895-4821-9819-989bfafb536c,"Apollo's Army",apollo-s-army,
077c81eb-401c-4d94-ae8f-39fb76236d9a,"Art of Kanly",art-of-kanly,active
79f163bd-feee-4b02-ad23-4fab0aa2cf24,"Ascend",ascend,active
ba00ec25-474f-4bb1-9d91-919e20704c53,"ATS",ats,
2afffef7-07ba-437d-b975-72b8e1a6b90f,"Aurhe",aurhe,
0bb84c80-986b-4b54-9286-ac54a3cc5bdb,"Awakening Autumn",awakening-autumn,
90aa3370-68c1-44ea-a0a5-cd81d3d98c2e,"Awol",awol,
51f44c05-90d4-45f3-9684-a21850f2d2d6,"Baby Ghosts",baby-ghosts,
f0a9d4a6-068f-40e6-92bd-92e0140bcd15,"Bad Heather",bad-heather,
ae6d838f-30e2-4359-af3a-c4a766c5cce7,"Bad Luck Brigade",bad-luck-brigade,
7a90ef09-85ac-4966-abcd-214c4cf8c19a,"Bat Manors",bat-manors,
b90306f5-5488-4f45-8761-481c9ad34bf6,"Bears On Parade",bears-on-parade,active
99776cea-fddf-4418-8508-0977cfff532e,"Beauty School Dropout",beauty-school-dropout,
e6b4c900-2684-4e64-9c2d-a5fb52178a55,"Before Braille",before-braille,
4d823a11-7c87-4373-a514-a1ed52aa4073,"Better in Color",better-in-color,
3f5f20d9-cf11-4272-9d48-df6f20930887,"Big Trub",big-trub,
10b00e06-b30c-4b28-ba8b-34fd9bfbbc1b,"Black Tie Event",black-tie-event,
b7851ee4-4273-4f26-a4d5-5b3144e5a338,"BLACKSHAPE",blackshape,
21774cd1-bccf-446f-b380-f5ae3c1ff135,"Bleu Grave",bleu-grave,
30bad94d-4f79-4c71-a41a-ffdfd656a9e1,"Blindlove",blindlove,
ecbd8c97-9627-4c26-91df-85b1fc475805,"Bloody Cabaret",bloody-cabaret,
49ca70d1-afaa-4a1d-8da4-5a986f2502f1,"Blue Bell",blue-bell,
aa037ed0-579d-4ef5-8394-a870be523ae1,"Blue Hour",blue-hour,active
69c16db3-f3bc-4382-b646-81b0d6276c39,"Bluebird Radio",bluebird-radio,active
3295616e-1488-4a56-ae53-943856ae244e,"Bluetip",bluetip,active
1de2203f-4558-4b1f-b213-97b0ef22c74e,"Bombs and Beating Hearts",bombs-and-beating-hearts,
039efb0a-de47-4c3c-afb4-bd751d8e5620,"Bone Throwers",bone-throwers,
44f7bfa6-1cdb-48d6-8c45-a3f37ab7bebb,"Botanical Animal",botanical-animal,
24933df5-a997-4e97-ad18-a6f56bb42024,"Boxcar Kids",boxcar-kids,
d5f4a86a-1dce-428b-a398-21e1b2f356b4,"Boycomma",boycomma,
3add59c7-f126-4fb4-85ef-237c3ed96c28,"Breakfast Biscuit",breakfast-biscuit,
7f17272d-7b64-49bf-b4d5-535ddf58eeee,"Broken Spells",broken-spells,active
6b2ac2b8-a3e0-48ba-a2ff-85bf51d60943,"Brother.",brother,
0afe4217-1a40-4d43-913b-966120112552,"Bruce Lee and the Streetfighters",bruce-lee-and-the-streetfighters,
94f1ede8-0809-462d-a2c7-670da574ee16,"Buckle Busters",buckle-busters,
3d3d65bd-20b4-42ae-b603-a96d3d3fa274,"Burnt Reynolds",burnt-reynolds,active
5e81134c-1914-4507-83af-79fbfa1433d1,"Burnt Reynolds and His Hot Bones",burnt-reynolds-and-his-hot-bones,active
f6e9d605-9814-4025-8505-3adc8f7fff1b,"Camo",camo,
5dd24eb2-9950-45f5-8bed-9966bacee402,"Cardinal Bloom",cardinal-bloom,
77ca5d2d-9f36-42c8-8f75-ee8fb1de801a,"Caroline's Spine",carolines-spine,
5813090c-e8fe-4b86-b4f0-6abcaacdb01e,"Caroline's Spine",caroline-s-spine,
f39da58f-8c8a-4fb4-9462-642d161be828,"CarrierWave",carrierwave,
ffe76431-fc57-4c8c-8ffd-0e01e2893934,"Casio Ghost",casio-ghost,
027a3699-2363-4f21-ac1d-a0017d59506f,"Catalogue",catalogue,
9fa348ae-b245-4e91-93fa-1faa7f241005,"CAYSN",caysn,
3d13cd1d-d52f-47bf-b0b7-cad44f5bcb81,"Cecret Souls",cecret-souls,
87d4831a-3bb3-43fa-9340-0c89256cb0ab,"Chac Xol",chac-xol,
49a93005-6634-483b-9182-b2f915487636,"Chainwhip",chainwhip,
1868bc58-1c63-45e9-aefa-830f344adba0,"CHALK",chalk,
e2d3b814-3e33-41f1-a61d-ecc7d810bb56,"Charlatan",charlatan,
904b9755-30f1-4cf7-8f68-cc24a6987c78,"Chelsea Grin",chelsea-grin,
711dc1e3-7015-431a-bb47-566a6a692fc4,"Chi Chi",chi-chi,
b07a2f5f-659d-4c63-9f17-9b1ed32c06a7,"Choir Boy",choir-boy,
ed688a72-a02d-4947-9dd4-e7610a8dd1f4,"Chronic Funk Disorder",chronic-funk-disorder,
fd806669-208b-4ef7-8482-49ac056bd7f1,"Chunk",chunk,
3160d7e8-dc5d-437c-b6aa-cc8af1259863,"Citizen Soldier",citizen-soldier,
7113f6dc-de94-43dd-a0d7-c13e816629d1,"Citrus",citrus,
10219569-d0d3-40cb-bc80-c75df29bb3dd,"Clear",clear,
35bad238-7011-493c-9321-e6639ef616a5,"Clover",clover,
44c9b254-e565-4b0c-9694-f607a863a24e,"CLUB MUNGO",club-mungo,
7bcb6a74-a40d-4271-b6ec-c6bb29ed6174,"Compass Rose",compass-rose,
49deacd1-c2d2-4bdf-96cd-a6712a6e6bd3,"Contingency Plan",contingency-plan,
03996ac5-2149-47a9-bf36-0d54d0d9a32f,"Cosmic Fates",cosmic-fates,active
5f95e0ad-f675-4dcd-84a2-d81cdc698d69,"Coyote Hoods",coyote-hoods,
0679a5e1-9f0a-468f-ac76-2a0012d82979,"Crow Killer",crow-killer,
feee7af7-e456-48dc-898f-bc090ebcade3,"Cult Leader",cult-leader,
f22df323-1a9f-47b1-84bd-05e7c47c23c3,"CUTIE",cutie,
f61ac81c-bb6f-4520-a386-5f3753c314a1,"Da Neighbors",da-neighbors,
a852ddae-74b3-4a8a-914c-7f250fae4546,"Daisy & The Moonshines",daisy-the-moonshines,active
dcc1aad1-a79a-4150-8156-bd1a545dff2a,"Daisy Gray",daisy-gray,active
e7770995-9e26-48f9-b623-5e0acd9dbbbe,"Daytime Lover",daytime-lover,active
577f0439-d31f-488e-947c-1a3aa5c46268,"Dealin' in Dirt",dealin-in-dirt,active
aef78e24-cda9-40ae-88dc-4aa9989a7285,"Death Persona",death-persona,active
535f29ac-a63e-4093-8925-2aaef74bea41,"Decontaminate",decontaminate,active
addb088e-e6b0-4757-b191-fcc09f5d6fa3,"Delune",delune,
62adbe56-9685-4cd6-9ec2-b7dc8193415c,"Desert Noises",desert-noises,active
17d04bb1-e32f-4641-bcfd-aafa3282cb11,"Desmo",desmo,
cfc98558-7be0-47fb-8612-03aede1f3bbd,"Deviance",deviance,active
77ebdb6b-c003-4c56-b526-cea598e56555,"Devin Barrus",devin-barrus,
ad188050-38ef-496e-bce8-a21f369b969b,"DieMonsterDie",diemonsterdie,
d01827a4-6d64-4648-a0a1-a79db8ce958d,"DimeDust",dimedust,active
c3f6ab01-89ba-4479-9b33-82e45653c3a1,"Dine Krew",dine-krew,
c5771f31-bbb8-46f1-bf85-1c847831f9ff,"Dinosaur Bone",dinosaur-bone,
c3707046-564a-4c0e-9c0c-daa5ad66edaf,"Dirty Birds",dirty-birds,
c66047a0-9ec3-49d4-b14c-70fe910ca8ea,"Dirty Vespuccis",dirty-vespuccis,
fb9acde4-3f4c-4d6a-87f2-5befcb63f95f,"Done",done,active
fab22169-f9e7-4bbe-8098-54cb9f3b9b74,"DoomCupcake",doomcupcake,
b3bf1188-bbf0-4d80-90cb-572b018255c2,"Down River",down-river,
040f37da-e5f8-4328-a355-5740bd410c9a,"Draize Method",draize-method,
2db2a803-e716-4cf1-a0f0-e0a6128c5d69,"Dryggs",dryggs,
d1769650-2667-4403-a5f6-bfeba2715682,"Dub Nectar",dub-nectar,active
9aa71e33-a22d-4c78-b3e1-8d88dda7d657,"Dumb Luck",dumb-luck,active
6971d90c-b4fa-434a-ac69-abdcdb8edbd9,"Dustbloom",dustbloom,
865ee711-34c9-4bde-b52d-d299a8c4b992,"Dvddy",dvddy,
4ed2b232-41c7-41f9-be04-8d7786be49b9,"Dwellers",dwellers,active
62e76e21-940f-49d5-94a0-85f4b9ed881b,"Eagle Twin",eagle-twin,
6191ca24-943b-496c-a282-622e061868ba,"Echo 63",echo-63,
7870a751-fde2-41df-9f20-26232d9905d0,"Eclipse",eclipse,
45cf51fa-312b-435b-a9d4-a4f7b71ed8e9,"EEWEE",eewee,
a2fe2201-34f8-4336-a136-37da3218985c,"Eidola",eidola,
9f756d40-838b-4d28-9389-49e9993f70f8,"Eighteen Visions",eighteen-visions,active
49b1704a-ea78-4c1a-b954-b156dfb39e77,"Eli Jackson",eli-jackson,
ee8c3148-8bfa-4390-9903-e595863a17a4,"emme Packer",emme-packer,
83bbc20c-cbe4-432d-b7be-657134877bed,"Endless Struggle",endless-struggle,
63a0a998-d5b2-431c-a013-de2617276efe,"English Budgies",english-budgies,
360d269b-8670-43dc-b319-89e1a7d7b988,"Establish",establish,
1276d54f-9cbe-4cd3-8ea1-cdcaa4eee0a5,"Ether",ether,
2d0857e2-61fd-4c74-9d4a-60957ae7511e,"Ether Orchestra",ether-orchestra,
22270a94-f89e-491b-abaf-4fce16013ddc,"Exes",exes,active
58fe4d62-ce43-4993-a8aa-c2b8d8100305,"Extortionist",extortionist,
66b88afe-e9e6-4965-81eb-495be0c384f8,"Eyes of Eva",eyes-of-eva,
29ae7c4b-d7db-44d9-a793-9020ae879daf,"EZher",ezher,
d9dafd12-72ab-404a-b0da-ec8564be7968,"Fahrenheit 451",fahrenheit-451,active
210cb5a2-f652-42ea-b5b7-ffe34eba4416,"Fake Nice",fake-nice,
bdc43fa0-a46a-457f-aadf-ed311e60cd0b,"Fale",fale,active
0dc11833-5969-47fd-bd76-860912f6ce26,"Falling In Reverse",falling-in-reverse,active
a9716df4-fc8d-4b51-8336-069709832735,"Fancy Ladz",fancy-ladz,
bc619f43-e990-437f-9afc-b8deb2a261fd,"Fever Dreams",fever-dreams,
3e6e4d28-fb53-491a-b0bc-5dcd82dd825f,"Fever Dreams",fever-dreams-2,
8367146e-7fc5-40a9-9d49-1c68f6f1f25a,"Fews & Twos",fews-and-twos,
fe9ac4c6-1e30-4108-b6c3-de88ebbab3d2,"Fictionist",fictionist,
32d8168c-91d0-48ec-9b09-782ccbdbe0cc,"Filth Lords",filth-lords,
829bbc2c-2616-4d8e-bfb4-e9ec9c69c43b,"Flamingo",flamingo,
2cca8639-9bbd-4e15-b9cb-285aaccb8186,"Folk Hogan",folk-hogan,
bf13ed81-336c-43a4-bd68-f84998683cfc,"Forget Tomorrow",forget-tomorrow,
620fcc65-d959-47dd-8a41-34e6d83074d1,"Form of Rocket",form-of-rocket,
3380919d-28ff-41f8-a7cd-a4b629adb186,"Fossil Arms",fossil-arms,active
d6ab0788-64cf-49b6-b91a-bb3e16a1be61,"Fox Van Cleef",fox-van-cleef,
9404fdf0-4518-47ca-ba37-6fecbb1df549,"FOXTIDE",foxtide,
fd8e3a46-6daf-438b-9e70-79c01faaecb3,"Freakbreed",freakbreed,active
8fbf93fb-1394-4174-89bd-fd4c86b83341,"Fumamos",fumamos,active
25fd1bdd-8891-4f44-9450-5ff97f6413d1,"Funk and Gonzo",funk-and-gonzo,active
f4bcf6e8-be63-4710-92da-6c9123e8bb8b,"Furious Fire",furious-fire,active
846d8af5-d69f-4034-8be5-2bb04d7eba72,"future.exboyfriend",future-exboyfriend,
da7452d3-1fed-4ba0-967c-da24ad84b857,"Gaza",gaza,
0444f579-24f6-41c7-9c5b-52c2cf78a89a,"Gerald Music",gerald-music,active
39c782cc-cfb2-42e7-a4ab-8ac8f6fdd1b2,"GHOSTOWNE",ghostowne,active
8a53755e-6243-40cc-a9b5-95ab63087716,"Glinting Gems",glinting-gems,
027ac6b8-e27d-4e53-8b32-b94cb5e51dcb,"Go Metric",go-metric,
9e8fa14c-fd9e-4992-9488-f83a682cd41a,"Good as Gone",good-as-gone,
bd0d45b2-b376-4fb9-8254-15b0a97163d1,"Graveljaw Keaton",graveljaw-keaton,
3873ff88-de4a-4f06-b1df-1d6e1d4506d2,"Graveyard Violet",graveyard-violet,active
6951c6fa-8ee5-4a3f-9100-65ce7b5d3200,"GRGL",grgl,
d0c00959-f4f6-48e8-a0f1-eada665f4d82,"Guava Tree",guava-tree,
91561a78-0ff8-475c-a9f9-1b3019673155,"Gypsy Cab",gypsy-cab,active
a6b18eb3-3597-48ab-9cbb-79bbb20448ad,"Hammergun",hammergun,active
ac00917a-bea4-4841-ac93-3005ea99f09e,"Handicapitalist",handicapitalist,
65ffcfd3-4246-4181-a9b3-b73ae1568b7f,"Harbor Patrol",harbor-patrol,
4b5dc318-b975-4f20-8695-2faef98e78b8,"Hawker Roam",hawker-roam,
870bfec7-2b5a-4b63-8434-d5cb8efb34b7,"Health Care",health-care,
1780a047-a783-46ae-8b85-004fbab864c2,"Heathen Ass Worship",heathen-ass-worship,
7e04643b-a296-4d62-97dc-54e02c3f52ed,"Hello Amsterdam",hello-amsterdam,active
96cfa226-241b-4a5c-980e-4e86dfcdeb95,"Hemlock",hemlock,
fc215b20-28a3-4a96-8312-6f4424504672,"Her Candane",her-candane,
73b63790-988f-4cda-a3ed-17be0995108a,"Hi-Fi Murder",hi-fi-murder,
7468a1f3-c077-43c6-9057-d4f9506f8ac5,"Hollow Hill",hollow-hill,
8fcfcaa7-01d2-4aba-a748-608f5083e65b,"Holy Water Buffalo",holy-water-buffalo,
7b33264d-bc78-4c09-8688-d1609555d6a0,"Homestyle Dinner Rolls",homestyle-dinner-rolls,
eb484b11-bfdd-41c9-a9d4-69635b2644ee,"Howl",howl,
074ec4fb-932e-4f1c-966a-0f10aaf91054,"Hudson River School",hudson-river-school,
4b2fa179-65bd-4096-8c8e-80596807747b,"Huldra",huldra,
24d38691-5afb-40cf-beb4-e5bedd025fda,"Hurtado",hurtado,
1eb25111-21a0-41f3-a7d8-df850f720083,"HXSTAGE",hxstage,
105fe759-ff3c-42ab-9474-a888a73728fa,"I AM",i-am,
ec117244-374c-4347-8f84-248ce8955217,"I Am Electric",i-am-electric,
bbf33c5e-da4a-4ee2-8987-22b7b5f935ed,"I Dont Know How But They Found Me (IDKHOW)",i-dont-know-how-but-they-found-me,
77c61bf5-04de-48d8-8e44-db9d6b1ecec9,"I Dont Know How But They Found Me (IDKHOW)",idkhow,
90ace36a-17fd-470d-9507-511d3b038e1f,"Iceburn",iceburn,
c7d1084e-d06f-4299-bae8-733009781935,"Ideal Horizon",ideal-horizon,
88d0c528-9bb8-4449-9e10-798ae0f3ac2c,"Illegal Beagle",illegal-beagle,
067f4fc2-c52a-4185-b7e0-63609d26559c,"Illicit Thoughts",illicit-thoughts,
2c210ec4-909f-48fc-872a-87332ce0e118,"IMAGE/INTENT",image-intent,
cd5fe136-14fb-4fb3-b9a9-73188aaa59ce,"Imagine Dragons",imagine-dragons,
62a345e8-16c1-4880-8339-e2974614e16f,"In the Wave",in-the-wave,
28e849cc-0613-4e90-8a11-7bbf85dc9dab,"In\\error",in-error,
251f1736-4478-4cb6-bb1a-81d3be59124a,"Incamera",incamera,
f7cb741e-d868-4d7a-8dca-8eae80bff031,"Insight",insight,
fe01c29e-25b9-4d84-951d-7b417a210871,"Invaders",invaders,active
76953e20-05a0-4e55-a983-dfc1537dedb0,"Jackass",jackass,
acc5ad83-f17f-4d8b-bf2a-ace005d5e3c0,"JAWWZZ!!",jawwzz,active
b38899ef-ecc9-4283-b06a-771d31df08bc,"Jay Warren",jay-warren,
f4ff8b16-e92d-4021-8076-47dd6f5a9b60,"Jazz Jaguars",jazz-jaguars,active
11b52cb6-be22-4782-8292-28ab1fd0bf07,"Jesus or Genome",jesus-or-genome,
bdd5db91-a9f9-40fb-beba-d8812698ae0f,"Joshua James",joshua-james,
d918de53-7591-49c6-983d-e981525781b7,"Jr. Caveman Players",jr-caveman-players,active
b29f476f-2a4d-4946-8fb9-633e7b85931d,"Juse",juse,
04937499-331c-4754-b6ec-4f75b534b7c7,"Katagory V",katagory-v,
0bc0ca60-9303-4401-8f80-f8e48923861e,"Keep Close",keep-close,
5ad30a28-20de-481a-abfc-839fa00599ab,"Kilby Court",kilby-court,active
e0bcfd62-ec76-43a4-97a0-9140351a1110,"Kill Minus Nine",kill-minus-nine,
e9e3e2a5-4712-4cc0-98f3-5ccb89640899,"Killbot",killbot,
e700cd65-b472-4394-80d8-40a4018c4b41,"King Niko",king-niko,
f9f0386a-4d97-4634-835f-0406ed9dea8b,"KNVS",knvs,active
4c09d7b5-b07c-423e-b8e4-805c18918e23,"Krooked Kings",krooked-kings,
8d478ba0-1a25-48ca-bc84-09cc05a2326c,"La Verkin",la-verkin,
8b82da06-ce58-4472-b919-83074fec7f77,"Lantern By Sea",lantern-by-sea,
761d0bbc-8edc-454e-81be-de83d1e6095a,"Lapsed & Nonnon",lapsed-nonnon,
1857f8bc-b402-473d-b856-cf239096a81a,"Lapsed & Nonnon",lapsed-and-nonnon,
ed089af2-77c6-4d6f-ab9b-33bbb69424fd,"Larusso",larusso,
f9014386-9456-4cd2-9634-2337922503ae,"Late Night Savior",late-night-savior,
6bc226a6-8f6f-404c-a0ae-b5400a4a8540,"Laughter",laughter,
aec0fb05-d1f4-4394-8f4f-24178fc39b9b,"Liar's Tongue",liar-s-tongue,
778e3aa1-fd3f-40c8-bb01-464a7fcbffc6,"Liar's Tongue",liars-tongue,
83795d0e-7d8a-4227-9bf4-80a747771c3a,"Life Over Law",life-over-law,
1c5616d9-85be-47f6-8a93-a37a8d2116a0,"Lighten Up, Francis",lighten-up-francis,
b6a29c48-3c1c-48e8-ab9a-bb6851fa2a88,"Little Moon",little-moon,active
33659f29-4faf-4617-bc3e-996e76e61df5,"Living in Fiction",living-in-fiction,
119776cd-bebe-48c7-9e75-a5fa6bdb381e,"Loafa",loafa,
371c3a97-d805-4fe6-b6f8-e3fb16f6c02b,"Local Natives",local-natives,
016c969d-18bc-42b9-ac5c-8fa7334c6af4,"Lonely Heights",lonely-heights,
3f6351e7-42ae-414d-846d-d1eb8dfebe7a,"Longarm",longarm,active
c2dac7e0-788c-4327-81fb-329fabf56ffa,"Loom",loom,
b5fc726f-4018-4564-98cb-5303dea726d4,"Loom",loom-2,
be7e0347-c2dd-45fb-b353-ede1c0d25187,"Lord Mandrake",lord-mandrake,
f5cdbdde-7cf7-4b00-a890-6cfa17f585b5,"Lord Vox",lord-vox,
21ca7042-042e-49db-b66b-2f8246afe346,"Low Profile",low-profile,
07c42fd8-fcd5-49cc-a06a-fcb1596e68ec,"Mammoth",mammoth,
00000000-0000-0000-0000-000000000001,"Manlyman",manlyman,
aa47c511-ff6a-4d09-b3db-8939779a0b5e,"Mary Mother of Bear",mary-mother-of-bear,active
ae576173-e310-4b65-ad4b-937c87735c32,"Media Queen",media-queen,
84031ad1-027c-4d8b-a563-d2eb2aac74dc,"Meg & Dia",meg-and-dia,
f495f3a1-f5b0-4fc6-b7da-70a7c75eb028,"MELO",melo,
75df66d9-d105-4b78-bf77-36503486a08c,"Mich!gan",mich-gan,active
95248e9f-542e-47cf-9a9f-1e015f92fd22,"Midnite Rollercoaster",midnite-rollercoaster,
9d7f908e-c14d-49a4-9bee-3e4cd6a4140a,"Mindy Gledhill",mindy-gledhill,
cf8c0785-feff-44f1-b1b2-0abeddcaa048,"Minerva",minerva,active
2cffffc9-4322-4991-957b-0a76ba74cd7e,"Miss Valentine",miss-valentine,
b82f4607-2ef3-4eef-be19-7e4dfc20818c,"Misty",misty,
65c8ea6c-9d32-4734-a09e-d07fe7ef5eb6,"Mock Tour",mock-tour,
8c2f3b83-a1ff-4ecb-bbcb-42407f895a2b,"Monochrome",monochrome,
e7246103-aaf4-43fb-9296-a47d86419993,"Mopsy",mopsy,
5465d9ab-e73b-4863-b259-1f1741c69442,"Mortigi Tempo",mortigi-tempo,
29353740-307c-4336-b13f-7ef261d4616f,"Motherkilljoy",motherkilljoy,active
745410f8-2b48-4fad-bc86-3725c46f9975,"Mouthbreather",mouthbreather,active
073d4211-18e1-4279-8a78-e301ab14fee6,"Mowth",mowth,
c20509fa-8248-47e6-aa7e-db73ad4a52a9,"Mr Trout",mr-trout,
1c6515bc-f546-429c-898b-9817fa08d71a,"Muscle Hawk",muscle-hawk,
d9c034a0-3ed0-4ced-869e-47db441e51ab,"Mystöry of X",mystöry-of-x,
d9fceb7e-0bf6-4aff-a546-dbb2bd9a79a0,"Mystöry of X",mystory-of-x,
a59793f4-ab33-4d8c-a0ff-00c439679d66,"NADEZHDA",nadezhda,
b74b0e85-95b2-49e2-b446-f5082344952f,"Negative Charge",negative-charge,
47fbde61-7838-48ba-a1e5-f439025f89ad,"Neighborhood Zero",neighborhood-zero,active
ede72c9a-d67e-4378-a742-1d07405f9ede,"Neon Trees",neon-trees,active
61388527-64e2-45bc-a54d-b8e370a58b23,"Night Sweats",night-sweats,active
80703958-64c2-4a81-9fe4-7a4bbf909099,"Nightbreakers",nightbreakers,
dcda5b0f-78f6-4287-83b4-d8a9fe838880,"No Delay",no-delay,
40fba31f-5178-435e-b2dd-f30c3ff9a010,"No Jure",no-jure,
9e29d89b-351c-4035-a2d4-63e0311dc890,"No Release",no-release,
4c63fe94-bc5b-4822-882e-3d8fb49de676,"No Such Animal",no-such-animal,
e8131e3a-1371-4c49-a92f-646f798b66d1,"Noble Bodies",noble-bodies,
e9430206-c0b8-46e3-b71b-92909c0f0874,"NVM",nvm,
023fe84a-a034-4ba8-92ea-053003acbcfd,"Old Man Johnson",old-man-johnson,
a4c7cf83-e398-4a09-9b6a-c7aa498983d1,"Old Timer",old-timer,active
ee041519-4467-416c-82bc-94c9fd039fff,"Onan Spurtz OMB",onan-spurtz-omb,active
0bfa7856-50fa-43d4-9e5d-6448a388b5cc,"Open Door Policy",open-door-policy,
59a5bc7b-fff5-4fa3-9cc1-e5d01dac9842,"Optimus Prime",optimus-prime,active
0e454dea-0b2b-4586-a851-85df4832cde0,"Optimus Prime/Blue Sparks",optimus-prime-blue-sparks,active
b163b809-e80e-4250-a9ad-f180afef7812,"OrcaMind",orcamind,
296e34da-7b26-4e62-9e38-22359df51db8,"Orpheum",orpheum,
4565237c-7ec0-4727-b9cc-349209cae9e6,"Over Under",over-under,
f6b4511b-e6be-4d36-954e-2fcdb45b7eb5,"Oxcross",oxcross,active
e063d699-da4b-49c4-ad2d-1025fb51a334,"Oxford Grey",oxford-grey,
cc64a5f2-b3ad-403e-975c-efe240b15116,"Panic! at the Disco",panic-at-the-disco,active
b412ece8-6113-4d4a-89ed-608e89b8c33a,"Parade the Bug",parade-the-bug,
15cf5951-d1a1-4723-a0c2-fb4badb2a507,"Penrose",penrose,
b2eebd9a-d479-4041-a2d8-9a6ce5e9fab3,"Perfectly Flawed",perfectly-flawed,active
3319660f-2b00-4835-b7c9-d2439b2e8705,"Peter Breinholt",peter-breinholt,
dd775fdd-c911-4168-a4bc-40da45110113,"Pinguin Mofex",pinguin-mofex,
c88ee2ab-bf38-4a85-94c1-9d9e52ab41da,"Pirates of the Promised Land",pirates-of-the-promised-land,
8fcf053e-c389-4d95-9f05-1b4e0829c7e0,"Pixie and the Party Grass Boys",pixie-and-the-party-grass-boys,active
033032e6-3a4b-40a1-ab69-de9ee9f460d5,"Plastic Cherries",plastic-cherries,active
184221cc-8b99-41d9-9e57-fe21fbe50d5d,"Pleasure Thieves",pleasure-thieves,active
ab9a21df-cae3-44dd-a7e4-59df18125f2f,"Poet Bones",poet-bones,
5525ea9e-c5cd-4528-a1fd-d833d504f3af,"Poolhouse",poolhouse,
c71af230-c951-4b06-8752-39d5915548ca,"Preacher & the Parasites",preacher-and-the-parasites,
92d47328-d0d9-4a6b-8a12-c83eb7137b39,"Problem Daughter",problem-daughter,
41fa9ae7-5c6b-4ad8-94e8-d83374428904,"Protohorus Vex",protohorus-vex,active
f140452f-8eae-4b35-a30a-2c22106616e7,"Puddle Mountain Ramblers",puddle-mountain-ramblers,
e35eda1b-9d4b-4523-a562-775fd1a36bcf,"Puri-Do",puri-do,active
0b84a3b9-03d5-4d84-af24-d49aeebc9712,"Queenadilla",queenadilla,
f31da5d8-1879-436f-8dfb-5d5a44ee0a0b,"Quinn Allman",quinn-allman,
c590b84b-b9d9-49c3-8f78-af389ab81a04,"Racist Kramer",racist-kramer,
41e0bf18-bb92-48a0-80d9-837670731e18,"Raspberry Protocol",raspberry-protocol,
e2a78813-076d-411b-b1d7-d20dccbab180,"Rated Hero",rated-hero,
330dd6fb-165f-47c0-b535-0831f792c102,"Recently Decent",recently-decent,
21b87ec6-675d-4f9f-b5bd-9bf2f72d4210,"Red Bennies",red-bennies,
8ab31d13-15ec-4bc0-a944-b64e62a1287d,"Red Coats",red-coats,active
95a9a01e-4724-4af7-b459-3b85f9ca9f1a,"Red Pete",red-pete,active
87804778-0f79-4da6-a96b-8d06208c8eaf,"Redd Tape",redd-tape,active
2b5edb66-80f7-49a3-8ef3-3bb607ce3e03,"Rejected Takeoff",rejected-takeoff,
b5f071b1-0115-4bfc-943d-e934c643cbcf,"RIFF TKR",riff-tkr,
ae3d5e11-56e4-4656-9515-14570406535b,"Rile",rile,
2067249a-26d3-486d-b5fb-e893b3b9a3c4,"Ritt Momney",ritt-momney,
804e78ae-48d5-41f8-8951-235692fc8583,"Rodeo Boys",rodeo-boys,
d3830216-b469-49c7-80dd-b51b3dbd7d50,"Roseburg",roseburg,
9d66fe40-2f36-4518-ace8-aa76f1eb51e4,"Royal Bliss",royal-bliss,
5880a3cc-3be3-4bea-8b2c-7708d25cafce,"Runaway Fighter",runaway-fighter,
00b953f2-8089-4034-93ec-af2697ea6c78,"Runaway Fire",runaway-fire,
ed154c4d-c4ee-415a-b83a-918556e427b4,"Ryan Shupe and the RubberBand",ryan-shupe-and-the-rubberband,
e94e115a-30a1-4b84-8ca4-8dfbcfb3a3c7,"S.L.F.M",slfm,
86898770-ed83-4555-939f-c25d1aeaa59c,"S.L.F.M",s-l-f-m,
4280e65c-d1c1-4e7c-b337-8040d4dfbc8b,"Saemore",saemore,
44c3a5e6-31d1-49c6-9343-d9044f5b1ec6,"Sage Lane",sage-lane,
f96f046e-9028-4c46-9cac-0f523389f977,"Salduro",salduro,
9f14b4e7-7735-4925-a5b3-48d8bfd4e61a,"Salt City Bandits",salt-city-bandits,
bab2f59e-ff7a-4d6d-8a2a-cad3d9cfe8b2,"Salt Lake Alternative Jazz Orchestra (SLAJO)",slajo,
16008561-7f09-44ea-a3d6-115082e40c26,"Salt Lake Alternative Jazz Orchestra (SLAJO)",salt-lake-alternative-jazz-orchestra,
babcb82f-8835-4141-8ef0-59778dfab8f8,"Salt Lake Electric Ensemble",salt-lake-electric-ensemble,active
a03b05df-4f6e-41ce-9d45-ddca8c25ccf6,"Salt Lake Spitfires",salt-lake-spitfires,
b3751ddd-9673-477b-a646-791baad7b866,"Salt town Greasers",salt-town-greasers,
632e0607-9c52-4a60-965c-1c04a126427f,"Sammy Brue",sammy-brue,
355b1ef6-4551-42df-aa09-4e37351ab59e,"Sandkicker",sandkicker,active
151546ba-844a-4181-9c4c-738596356aa4,"Saving Sydney",saving-sydney,
3627e8ba-d6d4-4387-b5f2-2d7f90d5ea47,"Say It Back",say-it-back,
811539a6-627d-40a6-b0a9-615978a0b915,"Scarlet City",scarlet-city,
508ea5ba-4253-4409-8ebd-5e681b546b64,"Scarlet Rain",scarlet-rain,
5e6e8742-e2d0-48d1-9a7e-c6bf6f06de66,"Sculpture Club",sculpture-club,active
45b14a64-9a03-4fad-beb2-c15288c5dbc4,"Sea Elephant",sea-elephant,
c8eb4471-6379-4b33-b09b-d6e3118b4910,"Sea Monster",sea-monster,active
62724482-f84e-4c0b-adb4-d746901d7648,"Second Guess",second-guess,
8d9da268-5447-419e-a5a2-87d1b5cf5039,"Second Rate Superhero",second-rate-superhero,
e399d943-639c-4c10-8ab5-93a07c8118f6,"Seventh Seal",seventh-seal,
fdeb810d-d78e-4d0d-9456-e09fdcf66eb1,"Shadow of Preachers",shadow-of-preachers,
3ea650ce-441d-4091-ba71-ff50614d85c0,"Shaky Slaps",shaky-slaps,
ede9cec1-fb4c-4d75-bd06-ff26aef03ae0,"Shecock",shecock,
a87ad3b5-7b8e-4d54-ac2d-fac0b564cc98,"Shelter",shelter,active
d68ce5bb-b31f-4f26-aa00-7f741757bdf8,"Sherlock",sherlock,
e66ebeeb-5720-4bbf-b3a3-46ad1bd97a0b,"Shertock",shertock,
c3f5b024-dc72-4f87-82cf-eec9da066b49,"Shrink the Giant",shrink-the-giant,
dfcce133-8d6e-42e9-9e5f-a000710d9b65,"Silver Cup",silver-cup,
12dc0a41-1c26-4a8f-8e43-19ba29853db9,"Sleep Cult",sleep-cult,
6ab87d57-d27c-420b-bb99-815de143ece4,"Slick Daddies",slick-daddies,
43d574ce-0d4c-45b4-8622-b1df321c6dcb,"Smarter Than Katie",smarter-than-katie,active
6ed8bd96-473a-4621-9a08-7ce080551c41,"Smashy Smashy",smashy-smashy,active
90b458d3-e520-4543-be54-f3fe2b0c566c,"Sons of Carlisle",sons-of-carlisle,active
8c6881c3-eaa9-4e34-b709-0b5417e5cd7b,"SoulFang",soulfang,
7e5ffd18-010a-4e8e-b4a9-853b668dd6c0,"Soultree",soultree,
f61060a7-e394-4f6a-b984-bc716db97757,"Special Edward",special-edward,
17a1d6d3-536d-45fd-b68c-d59dc6e9cc76,"Spitting Teeth",spitting-teeth,
89c4a195-26ef-44e8-a5e9-806e9951c677,"Sprinklerhead",sprinklerhead,active
4fc5ba7c-991b-4cc4-98ea-ccd39ef59069,"Starmy",starmy,
f744062f-96da-47fd-a654-db4e4c8f8ebc,"State of the Nation",state-of-the-nation,active
f96e7d42-dbc4-48c9-8719-d3592ebf1a78,"Static Waves",static-waves,
ebd26f87-0bc1-47f6-95f0-e6c7f6e23a66,"Steal Fate",steal-fate,
c7162b76-ce19-485c-82d0-2ce89287a6b4,"Stereo Ranger",stereo-ranger,
6dc8429e-c1dd-4b75-81d5-343d5bc29d18,"Stiletto",stiletto,
0d53f238-5159-41be-a00a-3f2fe19f0d2e,"Still Breaking Hearts",still-breaking-hearts,active
e68ceb2e-682e-4ac4-a91d-8ab27ea86280,"Strawberry Cough",strawberry-cough,
22d1c2bb-19b0-4a33-b5d9-75dae0354c5b,"Subject To Change",subject-to-change,
ff22f6c9-10f3-448c-b1d2-69369a483bc3,"SubRosa",subrosa,
d539c0b2-3944-4cd7-b557-79ad0ae06a03,"Sun House Healers",sun-house-healers,
522838bd-5b75-4194-b7dd-f36abab410b6,"Sunfish",sunfish,
7b5d6fc3-3f20-486c-b1e9-8e569e855564,"Sunsleeper",sunsleeper,active
f52f26eb-7846-4b66-aa53-dd333603ff25,"Swarmer",swarmer,
410b6c1b-6662-4ba3-9b50-ee77a1a2fb05,"Sweet Guthrie",sweet-guthrie,active
5364665c-d1e2-48f0-a3b9-409a986f363b,"Swell Merchants",swell-merchants,
73e33afd-fcb5-46f6-8084-cf9a9e2f2c03,"Swerved By Blondes",swerved-by-blondes,
d5932383-ab91-43ca-aba4-315ec2cb39d6,"Swim Herschel Swim",swim-herschel-swim,
efd3f940-9802-412b-90d0-b64c4b7df902,"Sympathy Pain",sympathy-pain,
f0925531-02bb-4133-ac46-5e3e79bf676f,"Take the Fall",take-the-fall,
51d273c8-f171-4dd7-bdc8-df9c61cf45e1,"Takeover",takeover,
fb7bd8ca-4085-4e12-9329-eee2220e5452,"Talia Keys",talia-keys,
844637ea-c577-4973-90cb-cd70bea5c381,"Teddy Picker",teddy-picker,
031a49ec-afe5-4763-80e7-cd39decfad13,"The Aces",the-aces,
c483e519-de9f-4304-9ea2-0691d5440900,"The Alpines",the-alpines,
54e59cbb-137f-4cda-8745-1e341df8940f,"The Artificial Flower Company",the-artificial-flower-company,
6b263d25-f20a-43c1-8c69-8d1ef86dfc6f,"The Atheists",the-atheists,
368cf1f9-5eee-4fb4-9f91-53cdc1fc8b77,"The Backseat Lovers",the-backseat-lovers,
e6cc4574-0bf9-4f7b-8a3e-3b987ea4e463,"THE BIND",the-bind,active
5725dee8-424d-4093-8e38-a00eed88e2a4,"The Boomsticks",the-boomsticks,
8409d17b-627e-4ab1-8f73-a4528a979171,"The Brobecks",the-brobecks,active
295bf398-2b1f-4e5c-9aea-66ccfc1d2096,"The Broken Spells",the-broken-spells,active
b7197892-5ec1-4ee5-bfd8-cb7a2ead471f,"The Clear Coats",the-clear-coats,active
2dc4292f-f082-41b5-8eab-5288802c8a92,"The Corleones",the-corleones,
cb720afd-e6cc-4aec-8178-6824eb58760e,"The Federation",the-federation,active
496e59a5-9d8b-4d90-81a0-1f50ff7eda47,"the Founding",the-founding,
25cafc08-3043-488b-b6ec-08932c8daf99,"The Future of the Ghost",the-future-of-the-ghost,active
af1e855e-672c-4797-887a-abec08d466be,"The Gontiks",the-gontiks,
f2e24541-591d-45b4-9bf3-514b09ff3a92,"The Hollering Pines",the-hollering-pines,
5841cab0-02dd-4cc5-b029-cb894ddada56,"The Hung Ups",the-hung-ups,
77ebc827-55ad-48cd-9885-658626879127,"The Keening",the-keening,active
35b9df6e-0ce8-4ee9-bec6-748bff703704,"The Kill",the-kill,active
e895eda0-1ce8-4079-a16f-fb8b836611f8,"The Lionelle",the-lionelle,
8fc147d2-a402-45ea-986e-29dcadf9f11d,"The Lovestrange",the-lovestrange,
ff099dd4-144f-4cfa-ba97-af8ae9f88061,"The Madeline",the-madeline,active
3b186f2d-d81f-4077-b496-a4f077fa88e3,"The Mighty Sequoyah",the-mighty-sequoyah,active
cacf3670-5390-4bb6-9275-5d4544d5ea10,"The Modifiers",the-modifiers,
0cd0a5cc-6382-4d72-be65-c65cdf6a7cf6,"The Mooks",the-mooks-2,
605b7796-f8f7-45ed-8598-49aeaa090460,"The Mooks",the-mooks,
ab220f02-183d-4a16-9367-f75e6957b848,"The Moss",the-moss,
cab28834-1429-456f-b2eb-e655128303c7,"The Moth & The Flame",the-moth-and-the-flame,
de9c1b67-277b-49fd-b1ca-ae6bdeff2e91,"The Moths",the-moths,
02fdf532-4c08-4e25-8412-5dc3db3398f7,"The Naked Eyes",the-naked-eyes,
ea88fa7c-3cce-4078-8799-a8a6f0b6b03e,"The National Parks",the-national-parks,
f8a8a3df-b438-48da-af5f-ce2ea1258fdd,"The New Electric Sound",the-new-electric-sound,
e4efb9d1-2a63-408a-9d6b-0c57a6cf3b7d,"The New Transit Direction",the-new-transit-direction,
7c362e13-8aa1-4977-b956-1ca95c70a8d1,"The Nods",the-nods,
70583bd4-ee06-432e-822b-fc003732c8a8,"The Obvious",the-obvious,
8e011a33-2261-4f04-880a-ffc4216a8fd2,"The Osmonds",the-osmonds,
862221ec-9dd5-4632-8ecf-8ea7bae5efeb,"The Painted Roses",the-painted-roses,
387922e1-d030-4ba1-830e-5c5955773d7e,"The Persistent Divide",the-persistent-divide,
f21fc011-1a0e-48c2-a2a5-62e3a7341488,"The Possibilities",the-possibilities,active
2163c9bd-4c54-4821-aadd-29fb1479b393,"The Red Bennies",the-red-bennies,active
dc8e1b3d-3965-4b43-b850-681bf47787e2,"The Secret Light",the-secret-light,
3ff239b2-1922-4eeb-bb90-ef7b6a7559c0,"The Shindas",the-shindas,
c44b0189-f12e-42cc-a288-0a1c7a430311,"The Skaficionados",the-skaficionados,
6ac2b2ae-fd7f-4a05-a8a0-e08cf629e821,"The Sons-In-Law of the Daughters of the Utah Pioneers",the-sons-in-law-of-the-daughters-of-the-utah-pioneers,
56a219da-9b32-4bbe-888f-aedd66bae19c,"The Sons-In-Law of the Daughters of the Utah Pioneers",sons-in-law-utah-pioneers,
1c201fbe-cd4c-448e-9bc3-44c45cf1aa2e,"The Stench",the-stench,
b4773b2e-37ec-482d-9df0-cab0079210f9,"The Upstarts",the-upstarts,
e0d05050-a238-4f5c-b09f-d4c079b5e103,"The Used",the-used,
df00c35b-e79c-462b-8e97-539c6c4b26e6,"The What-Nots",the-what-nots,
134f436e-7148-44f7-b603-001bc7107bcc,"The Wolfs",the-wolfs,active
da3ac971-4aec-43bf-9c11-7ce5cf962e0b,"The Zissous",the-zissous,
ab9352e0-76b7-412d-aebc-e8e36a3e7f15,"Three%Hero",three-percent-hero,
0b4abf3a-b903-4768-97f5-75b8c3889f08,"Three%Hero",three-hero,
441250ac-7c29-469e-a9f6-601e2618a22a,"Thunderfist",thunderfist,
52142ef6-2379-4d12-bb69-00c0226591da,"Tiger Kant",tiger-kant,active
4684268b-8fd7-4a9f-9ae8-fedb00214a79,"Tijuana Bible",tijuana-bible,
54633c6d-c7fa-4b93-bfa1-d178dc901159,"Tolchock Trio",tolchock-trio,
8a08d200-c87c-43a0-b202-23d57cfb8b31,"Top Dead Celebrity",top-dead-celebrity,active
6b0e7ed1-dc76-4581-a386-60f5348dba11,"Tragic Black",tragic-black,
697caf19-aa51-48a3-82f7-03732a20fd39,"Trey Warner",trey-warner,
e2401221-cb33-4791-a482-033cf4a8ede6,"Tyler Gould",tyler-gould,
44480ae8-1fca-4131-8b03-50653746dd9c,"UltraVatic",ultravatic,
e15cc9bc-46cd-403b-9caf-1e53bdd19178,"Unlucky Boys",unlucky-boys,
21c088af-c767-4a6e-ad50-dfcd9f662e85,"UTK",utk,
3eb297a5-9abf-4aef-b7f1-22de6f0bc15f,"Uzi and Ari",uzi-and-ari,
fc03d85e-8f40-4a3d-8bdd-a0393df56b9a,"V-Vast",v-vast,
cb97b554-8c88-4023-809c-8733c11f3d25,"VadaWave",vadawave,
f0367533-ef98-4b6a-a604-4fd0b90b66ef,"Vaseline the band",vaseline-the-band,
c65dd840-29cc-463a-b0cb-2381152ee636,"Victims Willing",victims-willing,
0dc81e3f-3b36-4dc0-9a59-c0486d4ad6e2,"Vile Blue Shades",vile-blue-shades,
bc019857-7311-4f2b-acdc-76bf88eccf2f,"Vintage Overdrive",vintage-overdrive,
67a12f23-8827-4526-a107-87daf4aeae4c,"Voidsmen",voidsmen,
e8f6c1b6-88e6-4f52-b55c-308a0647c03c,"Waist Deep",waist-deep,
a11964ab-e5e9-4a1f-b3ba-bd2ac798cd92,"Wasting Tuesday",wasting-tuesday,active
e550bc16-45e4-4bac-93f5-b042d1727d3a,"Westward the Tide",westward-the-tide,
00c1a857-83a3-46d3-9e31-eabbaa613717,"Whisperhawk",whisperhawk,active
a02a17c4-8279-4a7e-ba67-e09e0b50302c,"White Hot Ferrari",white-hot-ferrari,active
b1aeaea5-0082-4db9-a0cc-be6dcf6569d1,"White Noise Vision",white-noise-vision,
19fb464c-01fd-4b13-b868-e736e355a1b4,"Wicked Bears",wicked-bears,
4b95c56b-ad05-4f29-aedb-e0a9672b11ab,"Will Saratin",will-saratin,
a1a22d5a-13f2-4e4e-bd5e-e0e884a7ba60,"Will Sartain",will-sartain,active
987be210-d907-4e3f-a466-995478e037bc,"Willöh",willoh,
415b57a3-c2d1-44ca-a9aa-9a14b5c493ee,"Wisebird",wisebird,
379e9455-bf73-43c6-b235-9008f5520301,"With Andrea",with-andrea,
5f305aae-b887-4221-be03-d7da927449e7,"Wolfs",wolfs,active
25cd2dc5-4a24-4f2f-8e41-e7ee7c429f1b,"Worlds Worst",worlds-worst,
f2746309-b033-4150-9e98-a392ccbd2ff5,"YESOUISI",yesouisi,active
6f1304ef-7f40-4a08-b640-27e5b7465f39,"Young Blood",young-blood,active
e6f1af6c-e85f-4c56-85f6-b7af1d1df6c8,"Z Frequency",z-frequency,active
300e20be-49dd-4839-bbc4-d464009eb3d8,"Zigga",zigga,